city,country,latitude,longitude,temperature,humidity,cloudiness,windspeed
talnakh,RU,69.49,88.4,14.0,92,66,4.47
pangnirtung,CA,66.15,-65.71,27.3,91,100,6.38
mataura,NZ,-46.19,168.86,46.99,89,100,14.0
hilo,US,19.73,-155.09,63.7,73,20,4.7
busselton,AU,-33.65,115.33,65.35,62,96,11.01
atuona,PF,-9.8,-139.03,81.66,69,7,3.71
hereford,GB,52.06,-2.71,67.8,57,100,7.99
castro,BR,-24.79,-50.01,72.46,38,45,2.73
sur,OM,22.57,59.53,83.23,56,1,1.97
aitape,PG,-3.14,142.35,79.09,86,100,3.51
puerto ayora,EC,-0.74,-90.35,81.52,74,75,9.17
faanui,PF,-16.48,-151.75,82.36,72,100,11.61
dingle,PH,11.0,122.67,78.58,77,14,4.23
kentau,KZ,43.52,68.51,59.0,64,100,3.36
kununurra,AU,-15.77,128.73,80.6,83,90,4.7
sao gabriel da cachoeira,BR,-0.13,-67.09,82.62,79,100,2.89
chokurdakh,RU,70.63,147.92,-0.24,93,81,10.58
new norfolk,AU,-42.78,147.06,47.48,68,70,3.98
berdigestyakh,RU,62.1,126.7,23.92,95,62,7.94
vila velha,BR,-20.33,-40.29,78.19,61,75,13.87
rosetown,CA,51.55,-108.0,18.5,83,100,10.0
sao luiz gonzaga,BR,-28.41,-54.96,76.33,38,17,5.1
yellowknife,CA,62.46,-114.35,1.2,70,20,3.36
avarua,CK,-21.21,-159.78,77.0,100,100,1.12
bethel,US,41.37,-73.41,56.07,34,1,12.75
albany,US,42.6,-73.97,52.36,32,75,13.87
mahebourg,MU,-20.41,57.7,78.87,74,40,14.99
carnarvon,AU,-24.87,113.63,77.0,94,0,14.99
dikson,RU,73.51,80.55,12.74,97,92,12.17
pontes e lacerda,BR,-15.23,-59.34,85.19,64,3,1.81
puerto lopez,CO,4.08,-72.96,87.91,61,100,0.6
kruisfontein,ZA,-34.0,24.73,64.15,60,5,28.52
ribeira grande,PT,38.52,-28.7,68.0,72,20,8.05
port elizabeth,ZA,-33.92,25.57,66.2,63,20,31.09
arraial do cabo,BR,-22.97,-42.03,76.26,65,75,4.7
springbok,ZA,-29.66,17.89,66.97,53,100,7.23
rikitea,PF,-23.12,-134.97,78.71,85,52,17.76
kodiak,US,57.79,-152.41,39.2,86,90,9.17
upernavik,GL,72.79,-56.15,30.65,92,100,7.36
hobyo,SO,5.35,48.53,84.83,72,45,11.9
olafsvik,IS,64.89,-23.71,39.56,85,74,11.54
kokkola,FI,63.84,23.13,37.87,93,90,12.75
tabas,IR,33.6,56.92,71.6,43,41,4.7
oranjestad,AW,12.52,-70.03,86.0,62,40,27.51
kavieng,PG,-2.57,150.8,84.16,70,78,3.18
mar del plata,AR,-38.0,-57.56,68.0,72,75,11.41
teya,RU,60.38,92.63,29.79,94,30,1.36
masterton,NZ,-40.96,175.66,59.27,84,100,3.0
dicabisagan,PH,17.08,122.42,76.95,82,70,5.7
barrow,US,71.29,-156.79,23.0,85,90,5.82
aksarka,RU,66.56,67.8,19.31,96,100,4.16
punta arenas,CL,-53.15,-70.92,48.09,76,40,17.22
nhulunbuy,AU,-12.23,136.77,77.0,94,94,9.73
constitucion,CL,-35.33,-72.42,59.02,48,0,9.93
moelv,NO,60.93,10.7,48.99,39,64,11.34
lindi,TZ,-10.0,39.72,79.74,84,100,8.77
sitka,US,57.05,-135.33,36.28,74,75,4.7
naze,JP,28.37,129.48,62.6,59,90,33.33
klaksvik,FO,62.23,-6.59,35.6,51,68,23.04
victoria,HK,22.29,114.16,66.52,30,26,12.75
longyearbyen,SJ,78.22,15.64,1.4,59,20,4.7
qasigiannguit,GL,68.82,-51.19,41.0,65,100,14.99
veraval,IN,20.9,70.37,80.64,67,0,11.74
lagoa,PT,39.05,-27.98,61.57,75,0,6.31
garowe,SO,8.41,48.48,91.72,26,72,7.31
praia da vitoria,PT,38.73,-27.07,64.4,72,75,8.97
norman wells,CA,65.28,-126.83,17.6,61,40,9.17
esperance,AU,-33.87,121.9,64.4,100,90,5.82
kapaa,US,22.08,-159.32,66.85,82,1,5.82
valle nacional,MX,17.78,-96.32,94.68,27,19,1.7
torbay,CA,47.67,-52.73,43.57,52,20,18.34
shreveport,US,32.53,-93.75,65.5,93,90,10.29
upington,ZA,-28.45,21.26,80.6,26,20,11.41
ngunguru,NZ,-35.62,174.5,62.74,97,88,1.01
rudsar,IR,37.14,50.29,57.2,76,75,3.76
hermanus,ZA,-34.42,19.23,64.54,70,30,5.99
mitsamiouli,KM,-11.38,43.28,83.8,77,73,20.18
port alfred,ZA,-33.59,26.89,66.0,79,98,8.01
mildura,AU,-34.2,142.15,50.95,66,100,1.63
alagoinhas,BR,-12.14,-38.42,90.9,47,45,4.94
ardakan,IR,32.31,54.02,73.4,33,40,6.93
khatanga,RU,71.97,102.5,9.81,93,100,21.27
bengkulu,ID,-3.8,102.27,79.9,83,100,3.04
burnie,AU,-41.07,145.92,50.49,8,100,3.0
pevek,RU,69.7,170.31,4.91,88,10,11.5
deputatskiy,RU,69.3,139.9,-4.32,84,2,4.72
bandarbeyla,SO,9.49,50.81,82.38,76,76,13.6
sao filipe,CV,14.9,-24.5,77.27,67,1,14.09
hithadhoo,MV,-0.6,73.08,85.53,67,48,7.2
denpasar,ID,-8.65,115.22,80.6,83,20,6.93
nara,JP,34.69,135.8,48.97,87,90,33.33
cabo san lucas,MX,22.89,-109.91,66.0,68,20,3.36
lorengau,PG,-2.02,147.27,83.01,74,12,4.61
turukhansk,RU,65.82,87.98,35.96,96,100,9.26
kargat,RU,55.2,80.28,33.58,88,51,5.91
nanortalik,GL,60.14,-45.24,36.48,82,93,14.36
bluff,NZ,-46.6,168.33,46.99,90,100,10.0
beloha,MG,-25.17,45.05,81.23,56,30,3.96
qaanaaq,GL,77.48,-69.36,20.23,80,100,3.65
hambantota,LK,6.12,81.12,82.9,79,4,13.85
thompson,CA,55.74,-97.86,8.6,65,40,9.17
bardstown,US,37.81,-85.47,59.16,71,75,8.05
vostok,RU,46.49,135.88,30.6,69,0,1.01
wentzville,US,38.81,-90.85,59.09,87,40,10.29
sabang,ID,5.89,95.32,83.71,73,100,2.48
tuktoyaktuk,CA,69.45,-133.04,17.6,85,75,5.82
sibut,CF,5.72,19.07,78.31,71,100,1.39
georgetown,MY,5.41,100.34,83.91,83,20,10.29
umm kaddadah,SD,13.6,26.69,92.66,9,57,17.58
saint george,US,37.1,-113.58,54.93,58,1,6.93
puteyets,RU,65.17,57.09,24.89,96,100,3.62
ushuaia,AR,-54.8,-68.3,42.8,87,75,11.41
calama,CL,-22.47,-68.93,69.8,9,0,8.05
hervey bay,AU,-25.3,152.85,68.23,88,2,6.93
honningsvag,NO,70.98,25.97,30.2,63,75,12.75
cidreira,BR,-30.18,-50.21,70.68,59,12,5.53
parkhill,CA,43.15,-81.68,49.01,71,90,12.75
vanavara,RU,60.34,102.28,31.15,87,0,1.95
saint-augustin,CA,51.23,-58.65,32.99,92,12,9.28
teguise,ES,29.06,-13.56,73.4,53,20,16.11
bathsheba,BB,13.22,-59.52,86.0,62,40,18.34
plettenberg bay,ZA,-34.05,23.37,65.12,65,53,14.23
devils lake,US,48.11,-98.87,24.8,53,75,18.34
yoichi,JP,43.2,140.77,30.0,42,18,1.86
buin,CL,-33.73,-70.75,57.2,82,90,5.82
padang,ID,-0.95,100.35,78.17,77,100,5.17
port hedland,AU,-20.32,118.57,84.2,66,40,10.29
hobart,AU,-42.88,147.33,47.41,89,77,7.96
arlit,NE,18.74,7.39,103.69,7,0,3.94
gobabis,NA,-22.45,18.97,86.0,25,64,32.21
vila franca do campo,PT,37.72,-25.43,62.6,82,75,12.75
rundu,NA,-17.93,19.77,82.4,48,97,3.36
nuevo progreso,MX,23.17,-97.95,85.42,63,99,3.0
jamestown,US,42.1,-79.24,50.16,52,90,10.29
chuy,UY,-33.7,-53.46,69.26,57,58,4.43
havelock,US,34.88,-76.9,71.1,53,75,14.99
saskylakh,RU,71.92,114.08,21.54,94,53,22.91
kaitangata,NZ,-46.28,169.85,48.0,84,90,3.0
finnsnes,NO,69.23,17.98,29.32,68,75,23.04
buraydah,SA,26.33,43.98,82.4,28,0,12.75
guiratinga,BR,-16.35,-53.76,87.64,52,0,1.74
cape town,ZA,-33.93,18.42,66.27,55,20,11.41
viedma,AR,-40.81,-63.0,65.35,28,71,6.35
cap malheureux,MU,-19.98,57.61,79.57,74,40,14.99
lentini,IT,37.29,15.0,66.2,52,5,10.29
henties bay,NA,-22.12,14.28,66.99,79,0,5.99
cairns,AU,-16.92,145.77,72.1,94,40,2.66
yerbogachen,RU,61.28,108.01,31.01,89,8,4.54
masindi,UG,1.67,31.71,79.86,45,100,2.53
alice springs,AU,-23.7,133.88,66.2,37,41,8.32
slave lake,CA,55.28,-114.77,15.8,85,90,8.05
vanimo,PG,-2.67,141.3,78.49,87,100,3.13
port blair,IN,11.67,92.75,83.62,72,100,6.49
kovdor,RU,67.57,30.48,28.96,92,100,19.55
gilgit,PK,35.92,74.31,60.71,20,44,0.78
butaritari,KI,3.07,172.79,83.07,75,99,11.56
pavlikeni,BG,43.24,25.32,66.97,43,35,9.17
ilulissat,GL,69.22,-51.1,41.0,65,100,14.99
yulara,AU,-25.24,130.99,73.4,31,40,5.82
vallenar,CL,-28.57,-70.76,70.21,38,96,6.33
ladario,BR,-19.0,-57.6,86.0,42,0,3.36
taltal,CL,-25.4,-70.48,69.51,58,55,5.79
necochea,AR,-38.55,-58.74,65.01,70,100,4.0
xian,CN,34.26,108.93,50.86,32,25,4.47
mogzon,RU,51.74,111.96,39.22,51,43,6.31
keller,US,32.93,-97.25,69.51,77,40,6.93
juneau,US,58.3,-134.42,28.67,92,1,3.36
thunder bay,CA,48.4,-89.32,37.31,64,75,4.7
vardo,NO,70.37,31.11,31.12,55,75,16.11
prince rupert,CA,54.32,-130.32,35.6,74,1,4.7
portlethen,GB,57.05,-2.13,44.06,70,90,16.11
martapura,ID,-3.42,114.85,78.8,100,20,2.24
kavaratti,IN,10.57,72.64,85.33,68,6,4.85
salalah,OM,17.02,54.09,84.2,66,20,10.29
bilibino,RU,68.05,166.44,0.55,88,56,1.05
mount isa,AU,-20.73,139.5,73.4,31,0,8.05
lardos,GR,36.09,28.02,69.91,68,20,8.05
san policarpo,PH,12.18,125.51,80.33,69,0,1.5
cartagena,CO,10.4,-75.51,89.6,70,40,4.7
santiago,CL,-33.46,-70.65,57.45,82,90,5.82
vagamo,NO,61.88,9.1,36.16,64,65,17.18
chimbote,PE,-9.09,-78.58,78.03,66,0,10.87
geraldton,AU,-28.77,114.6,74.44,83,90,10.29
marawi,PH,8.0,124.29,67.87,67,0,3.2
port augusta,AU,-32.5,137.77,52.23,76,62,4.7
evensk,RU,61.95,159.23,8.44,91,100,2.95
salinopolis,BR,-0.61,-47.36,83.89,77,74,12.21
yar-sale,RU,66.83,70.83,19.38,96,100,5.97
kenai,US,60.55,-151.26,34.27,86,90,13.87
kungurtug,RU,50.6,97.52,35.51,48,57,2.91
berlevag,NO,70.86,29.09,28.4,63,75,20.8
yinchuan,CN,38.47,106.27,52.0,1,100,5.99
tuatapere,NZ,-46.13,167.68,46.99,90,100,10.0
bilma,NE,18.69,12.92,98.87,8,38,7.25
beringovskiy,RU,63.05,179.32,11.37,95,94,9.28
mehamn,NO,71.04,27.85,30.2,63,75,12.75
vaini,TO,-21.2,-175.2,69.8,88,20,4.7
broome,US,42.25,-75.83,52.11,37,90,11.41
kismayo,SO,-0.36,42.55,85.14,72,97,12.46
saldanha,ZA,-33.01,17.94,69.8,43,0,8.05
mahon,ES,39.89,4.27,64.4,55,20,14.99
svetlaya,RU,46.54,138.33,34.68,82,43,4.59
algiers,DZ,36.75,3.04,71.6,68,75,3.36
aklavik,CA,68.22,-135.01,20.61,85,75,2.24
mount pleasant,US,32.79,-79.86,75.09,69,75,13.87
clyde river,CA,70.47,-68.59,8.6,78,90,26.4
faya,SA,18.39,42.45,68.9,72,40,6.93
alofi,NU,-19.06,-169.92,73.4,94,45,2.24
tura,IN,25.52,90.22,74.97,27,0,2.28
ostersund,SE,63.18,14.64,37.4,74,55,24.16
tobol,KZ,52.68,62.58,47.82,60,54,6.35
airai,TL,-8.93,125.41,62.17,74,100,0.2
husavik,IS,66.04,-17.34,35.6,43,0,12.75
bredasdorp,ZA,-34.53,20.04,66.6,45,3,18.34
shimoda,JP,34.67,138.95,43.0,93,100,5.01
garwa,IN,24.18,83.82,87.98,13,0,4.81
adrar,MR,20.5,-10.07,96.06,11,1,8.1
touros,BR,-5.2,-35.46,87.8,62,40,12.75
bardiyah,LY,31.76,25.09,65.08,52,36,9.75
trinidad,BO,-14.83,-64.9,86.0,55,19,0.27
east london,ZA,-33.02,27.91,66.2,77,100,24.16
iqaluit,CA,63.75,-68.51,26.29,73,90,8.05
ayame,CI,5.61,-3.16,90.59,54,67,5.41
luderitz,NA,-26.65,15.16,75.2,64,20,20.8
la ronge,CA,55.1,-105.28,8.6,71,75,13.87
sinazongwe,ZM,-17.26,27.46,82.27,47,63,4.72
labuhan,ID,-6.88,112.21,78.49,82,98,1.43
louga,RU,58.74,29.85,40.08,85,100,14.0
bambous virieux,MU,-20.34,57.76,78.89,74,40,14.99
poso,ID,-1.4,120.75,78.71,59,0,3.22
tasiilaq,GL,65.61,-37.64,30.2,46,90,18.34
tiksi,RU,71.69,128.87,4.8,91,64,8.01
tandil,AR,-37.32,-59.13,67.46,51,87,4.0
hami,CN,42.8,93.45,62.44,16,0,3.76
nuuk,GL,64.18,-51.72,35.29,100,75,41.38
pangody,RU,65.85,74.49,20.77,96,99,7.45
bonthe,SL,7.53,-12.51,89.65,58,94,10.2
umm lajj,SA,25.02,37.27,75.33,48,33,16.49
mananjary,MG,-21.22,48.33,77.05,80,100,5.21
bereda,ES,43.27,-7.54,61.88,93,75,9.17
codrington,AU,-38.27,141.97,53.49,74,98,5.08
ahipara,NZ,-35.17,173.17,65.68,83,75,15.46
san rafael del sur,NI,11.85,-86.44,87.8,55,20,11.41
weinan,CN,34.5,109.51,53.8,30,92,4.47
limbang,MY,4.75,115.0,82.18,83,75,4.7
coihueco,CL,-36.62,-71.83,57.0,41,0,13.87
severo-yeniseyskiy,RU,60.37,93.04,27.52,89,1,2.39
sorong,ID,-0.88,131.25,76.86,89,65,0.51
soyaux,FR,45.65,0.2,67.35,52,75,9.17
pangai,TO,-19.8,-174.35,78.12,77,33,12.28
xingyi,CN,24.19,102.82,51.1,46,94,5.97
christchurch,NZ,-43.53,172.63,62.46,51,10,14.99
whyalla,AU,-33.03,137.58,50.0,76,100,4.7
sergach,RU,55.53,45.47,36.86,70,98,18.39
vao,NC,-22.67,167.48,77.22,78,34,10.76
strezhevoy,RU,60.73,77.59,46.4,97,100,6.71
jalu,LY,29.03,21.55,78.76,16,0,8.05
tazovskiy,RU,67.47,78.7,13.64,94,49,6.29
gorontalo,ID,0.54,123.06,74.46,78,15,3.27
hamilton,US,39.18,-84.53,57.83,62,90,8.05
teluknaga,ID,-6.1,106.64,80.37,83,40,10.29
solnechnyy,RU,50.72,136.63,34.95,71,0,1.9
xichang,CN,27.9,102.26,54.28,44,96,5.19
owase,JP,34.07,136.2,57.96,82,99,30.67
manzhouli,CN,49.6,117.43,49.68,28,5,7.16
akyab,MM,20.15,92.9,79.25,85,6,8.88
gamba,GA,-2.65,10.0,82.96,68,100,7.78
rabo de peixe,PT,37.8,-25.58,62.6,82,75,12.75
sola,VU,-13.88,167.55,77.0,94,75,11.32
katobu,ID,-4.94,122.53,76.75,89,100,3.67
buchen,DE,49.52,9.32,70.7,22,40,12.75
placido de castro,BR,-10.34,-67.19,84.81,72,69,0.63
impfondo,CG,1.64,18.07,79.54,66,99,5.06
palmares do sul,BR,-30.26,-50.51,74.82,48,0,6.13
kumluca,TR,36.37,30.29,68.2,43,1,6.38
ruteng,ID,-8.61,120.47,64.09,76,90,1.16
ponta do sol,PT,32.67,-17.1,62.11,63,40,12.75
gloversville,US,43.05,-74.34,51.42,45,1,5.82
praia,CV,14.92,-23.51,86.0,42,27,23.04
anzio,IT,41.49,12.62,67.98,88,5,6.93
smolensk,RU,55.0,33.0,46.94,51,99,6.49
general pico,AR,-35.66,-63.76,61.56,61,100,5.79
byron bay,AU,-28.65,153.62,53.02,100,2,4.59
koutsouras,GR,35.03,25.95,65.79,60,6,5.08
payo,ID,-3.75,103.64,76.28,88,100,0.09
provideniya,RU,64.38,-173.3,24.03,96,100,3.11
channel-port aux basques,CA,47.57,-59.14,32.14,96,92,16.31
kieta,PG,-6.22,155.63,80.04,80,92,4.18
cherskiy,RU,68.75,161.3,13.75,94,93,11.36
nikolskoye,RU,59.7,30.79,38.39,93,90,13.42
puerto maldonado,PE,-12.6,-69.18,88.11,42,25,1.61
anadyr,RU,64.75,177.48,6.35,84,90,15.66
isla mujeres,MX,21.23,-86.73,86.0,66,40,23.04
santa quiteria,BR,-4.33,-40.16,83.84,76,80,4.83
mosquera,CO,4.71,-74.23,64.4,55,75,11.41
canaries,ES,28.0,-15.5,71.74,46,20,24.16
kirakira,SB,-10.45,161.92,80.85,79,100,4.34
katsuura,JP,35.13,140.3,51.85,87,75,11.41
lukang,TW,24.06,120.44,61.03,41,20,11.41
mayo,US,38.89,-76.51,58.73,62,90,8.05
lebu,CL,-37.62,-73.65,55.85,50,17,13.35
porbandar,IN,21.64,69.61,87.8,45,7,9.17
saint-joseph,RE,-21.37,55.62,70.23,83,100,5.82
tabou,CI,4.42,-7.35,85.05,70,73,6.96
krasnoye,UA,49.91,24.61,64.4,25,6,4.47
port lincoln,AU,-34.73,135.87,57.96,66,19,6.15
quthing,LS,-30.4,27.7,66.74,18,39,15.26
swan river,CA,52.11,-101.27,17.01,90,76,8.34
konstantinovka,RU,49.62,127.98,48.67,47,0,2.01
san cristobal,VE,7.77,-72.22,87.8,62,40,8.05
pa daet,TH,19.5,99.99,76.5,83,20,5.82
kailua,US,21.4,-157.74,69.24,69,90,6.93
ulladulla,AU,-35.35,150.47,46.0,87,65,5.82
salas,ES,43.41,-6.26,58.68,93,75,8.05
marsa matruh,EG,31.35,27.25,64.4,54,0,11.54
avera,US,33.19,-82.53,70.16,83,90,9.17
pathein,MM,16.78,94.73,76.48,86,1,8.57
kidal,ML,18.44,1.41,104.99,7,46,8.68
alma,CA,48.55,-71.65,36.46,74,90,18.34
ostrovnoy,RU,68.05,39.51,28.71,93,100,15.7
champerico,GT,14.3,-91.92,84.2,74,75,6.93
andapa,MG,-14.65,49.65,70.79,80,27,1.99
dickson,US,36.08,-87.39,52.81,100,90,13.87
bubaque,GW,11.28,-15.83,79.07,72,0,10.07
nilanga,IN,18.1,76.77,89.58,14,56,2.08
novyy urgal,RU,51.07,132.56,38.17,66,93,0.27
coihaique,CL,-45.58,-72.07,48.69,71,75,8.05
sovetskiy,RU,61.36,63.58,39.85,87,100,4.97
guaruja,BR,-23.99,-46.26,72.14,56,75,8.05
san benito abad,CO,8.93,-75.03,87.67,70,96,5.79
kuala pilah,MY,2.74,102.25,84.09,79,20,3.36
mizdah,LY,31.45,12.98,75.52,19,12,9.57
haines junction,CA,60.75,-137.51,20.35,75,74,3.13
hualmay,PE,-11.1,-77.61,77.18,66,41,8.21
cayenne,GF,4.93,-52.33,84.2,66,75,17.22
saint-philippe,RE,-21.36,55.77,70.25,83,100,5.82
itarema,BR,-2.92,-39.92,87.06,65,96,10.51
ust-koksa,RU,50.27,85.61,37.31,48,8,5.06
orlik,RU,52.52,99.83,30.74,53,98,2.66
hazorasp,UZ,41.32,61.07,60.8,59,83,4.7
sioux lookout,CA,50.1,-91.92,24.48,68,75,11.41
hofn,IS,64.25,-15.21,33.44,85,24,8.7
makakilo city,US,21.35,-158.09,68.97,93,75,6.93
kiama,AU,-34.68,150.87,52.38,87,16,5.82
kaeo,NZ,-35.1,173.78,62.49,94,89,4.0
valparaiso,CL,-33.04,-71.63,55.71,87,90,3.36
lobva,RU,59.19,60.52,43.77,74,100,4.7
merauke,ID,-8.47,140.33,78.57,88,76,8.81
krasnoselkup,RU,65.7,82.47,30.2,99,100,2.82
lazaro cardenas,MX,17.96,-102.2,81.52,63,73,1.92
narsaq,GL,60.92,-46.05,44.6,48,100,24.16
pucallpa,PE,-8.38,-74.55,91.09,50,58,1.19
otane,NZ,-39.88,176.63,60.44,82,100,11.34
camacha,PT,33.08,-16.33,64.92,72,40,18.34
crixas,BR,-14.55,-49.97,85.24,60,50,2.59
salta,AR,-24.79,-65.41,68.34,59,20,4.7
iskateley,RU,67.68,53.15,20.1,97,8,6.96
mokobeng,BW,-23.0,27.67,89.06,17,0,8.41
rocha,UY,-34.48,-54.33,71.67,50,69,6.38
waw,SS,7.7,28.0,85.68,48,96,4.18
fare,PF,-16.7,-151.02,83.07,71,100,10.8
panguna,PG,-6.32,155.48,70.99,82,92,3.29
cordoba,AR,-31.41,-64.18,70.25,46,75,11.41
nogliki,RU,51.83,143.17,25.47,97,90,5.88
huron,US,41.15,-82.55,55.67,54,90,10.29
padina,RS,45.12,20.73,71.6,18,3,1.12
orzhytsya,UA,49.79,32.7,48.18,42,0,6.04
nouadhibou,MR,20.93,-17.03,82.4,45,22,14.99
wattegama,LK,6.8,81.48,78.06,84,2,3.44
stadtlohn,DE,51.98,6.93,72.79,25,1,10.29
beaumont,US,30.09,-94.1,77.59,88,90,13.87
caravelas,BR,-17.71,-39.25,80.24,81,16,13.51
manhattan,US,40.78,-73.97,57.63,26,1,4.7
rajmahal,IN,25.05,87.83,86.99,20,0,7.07
bontang,ID,0.13,117.5,81.32,84,2,11.1
lata,PT,40.16,-8.33,63.81,68,40,13.87
rwamagana,RW,-1.95,30.43,71.04,59,100,1.59
zaria,NG,11.11,7.72,97.79,7,73,13.42
tamworth,GB,52.63,-1.7,67.06,49,20,3.36
nampula,MZ,-15.12,39.27,76.1,73,68,5.46
lasem,ID,-6.69,111.45,80.87,78,100,2.42
barroso,BR,-21.19,-43.98,68.04,65,93,6.62
galveston,US,29.37,-94.97,78.69,83,90,11.41
mandalgovi,MN,45.76,106.27,45.07,25,29,9.37
leningradskiy,RU,69.38,178.42,11.59,86,97,2.89
joshimath,IN,30.57,79.57,54.48,18,69,5.66
charters towers,AU,-20.1,146.27,70.79,33,0,3.74
west wendover,US,40.74,-114.07,41.0,23,1,11.41
borogontsy,RU,62.67,131.17,24.28,95,70,8.46
bac lieu,VN,9.29,105.72,83.14,75,60,10.2
flinders,AU,-34.58,150.86,51.69,87,11,5.82
ancud,CL,-41.87,-73.82,53.6,66,75,3.36
isangel,VU,-19.55,169.27,77.31,72,100,3.0
camabatela,AO,-8.19,15.38,69.55,65,98,4.9
panjakent,TJ,39.5,67.61,57.2,100,90,6.93
mashhad,IR,36.3,59.61,53.6,100,75,6.93
abnub,EG,27.27,31.15,78.39,17,0,16.73
bambanglipuro,ID,-7.95,110.28,79.84,77,97,7.27
salisbury,GB,51.07,-1.8,69.26,40,86,10.29
fort nelson,CA,58.81,-122.7,24.8,58,20,3.36
samarai,PG,-10.62,150.67,77.9,74,82,4.68
pisco,PE,-13.7,-76.22,72.23,30,0,5.82
bure,ET,10.7,37.07,74.01,29,81,7.38
tomatlan,MX,19.93,-105.25,80.96,39,42,4.36
the valley,AI,18.22,-63.06,80.28,73,37,13.13
kaz,RU,52.91,87.31,36.73,75,32,2.13
zhezkazgan,KZ,47.8,67.71,47.5,69,19,7.4
vestmannaeyjar,IS,63.44,-20.27,41.04,79,92,18.34
novo aripuana,BR,-5.12,-60.38,89.06,60,98,1.41
bakhtiyarpur,IN,25.47,85.52,86.0,51,20,9.17
aasiaat,GL,68.71,-52.87,38.52,86,100,12.08
lanzhou,CN,36.06,103.79,52.5,20,89,4.47
imeni poliny osipenko,RU,52.42,136.49,34.74,80,19,2.95
souillac,MU,-20.52,57.52,78.89,74,40,14.99
sobolevo,RU,54.43,31.9,47.37,49,84,10.18
sao miguel do araguaia,BR,-13.28,-50.16,87.87,61,18,1.34
ust-kuyga,RU,70.02,135.6,-1.82,86,1,4.27
flin flon,CA,54.77,-101.86,10.4,72,75,11.41
westport,US,41.14,-73.36,56.52,50,1,9.17
gat,IL,31.61,34.76,63.39,63,0,9.17
nguru,NG,12.88,10.45,100.04,8,99,20.31
andenes,NO,69.31,16.12,30.45,69,75,16.11
ingham,US,42.6,-84.38,51.04,76,40,9.17
santa cruz,BO,-17.8,-63.17,85.32,45,0,13.87
warmbad,NA,-28.45,18.73,80.82,23,0,10.31
camacupa,AO,-12.02,17.48,71.76,57,97,4.79
san vicente,AR,-26.62,-54.13,78.57,25,0,3.6
mazagao,BR,-0.12,-51.29,86.0,79,75,6.93
nizhniy kuranakh,RU,58.84,125.49,28.76,91,86,5.08
nizwa,OM,22.93,57.53,88.16,17,27,9.26
raudeberg,NO,61.99,5.14,36.75,69,40,33.33
ossora,RU,59.24,163.07,11.62,93,60,4.23
bureya,RU,49.81,129.81,45.64,58,0,3.69
maua,BR,-23.67,-46.46,72.41,56,75,8.05
petropavlovsk-kamchatskiy,RU,53.05,158.65,28.4,79,75,2.24
beder,DK,56.06,10.21,55.58,54,100,21.92
rio gallegos,AR,-51.62,-69.22,51.8,57,90,16.11
clarence town,AU,-32.58,151.78,50.85,93,0,2.75
korla,CN,41.76,86.15,62.01,64,22,3.0
san-pedro,CI,4.75,-6.64,88.11,60,43,7.05
te anau,NZ,-45.42,167.72,44.55,77,100,7.0
saint-francois,FR,46.42,3.91,72.16,43,83,5.82
darnah,LY,32.77,22.64,64.98,51,4,12.01
emirdag,TR,39.02,31.15,57.34,24,0,5.86
rapid valley,US,44.06,-103.15,20.93,79,75,16.11
adre,TD,13.47,22.2,96.49,8,100,9.46
coahuayana,MX,18.73,-103.68,83.64,42,83,1.41
xai-xai,MZ,-25.05,33.64,83.89,55,0,6.67
sisophon,KH,13.59,102.97,80.31,82,93,7.65
sucua,EC,-2.47,-78.17,71.6,78,75,2.24
bogorodskoye,RU,56.55,37.88,39.51,60,48,3.62
portales,US,34.19,-103.33,50.04,40,1,29.97
san sebastian,ES,43.31,-1.98,68.54,49,71,3.36
pacific grove,US,36.62,-121.92,51.42,100,90,4.7
havoysund,NO,71.0,24.66,29.32,63,75,12.75
chalus,IR,36.66,51.42,55.4,82,40,2.24
seminole,US,28.71,-81.21,82.08,69,90,18.34
meiganga,CM,6.52,14.3,85.5,33,92,2.75
lavrentiya,RU,65.58,-171.0,22.3,98,100,4.81
lima,PE,-12.04,-77.03,75.2,73,0,8.05
ust-tsilma,RU,65.44,52.15,27.01,94,59,1.25
babstovo,RU,48.12,132.48,47.97,48,80,2.26
biak,ID,-0.91,122.88,80.33,63,6,3.47
ishigaki,JP,24.34,124.16,65.46,59,100,27.72
hoorn,NL,52.64,5.06,67.46,59,90,9.17
liuzhou,CN,24.31,109.39,57.97,56,83,7.52
taywarah,AF,33.35,64.42,46.38,34,80,2.57
batagay-alyta,RU,67.8,130.41,7.92,82,36,3.36
havre-saint-pierre,CA,50.23,-63.6,33.8,64,1,17.22
namatanai,PG,-3.67,152.43,82.4,75,97,4.18
aljezur,PT,37.32,-8.8,66.0,72,15,9.98
yanam,IN,16.73,82.22,82.54,74,0,10.87
mandurah,AU,-32.55,115.7,65.82,93,65,8.59
erzin,TR,36.96,36.2,65.34,56,20,16.11
diglur,IN,18.55,77.6,89.85,14,16,2.48
roseburg,US,43.22,-123.34,41.61,75,1,0.81
sao desiderio,BR,-12.36,-44.97,78.46,71,61,5.66
kahului,US,20.89,-156.47,67.19,83,90,4.7
port-cartier,CA,50.03,-66.87,35.6,64,75,9.17
nemuro,JP,43.32,145.57,33.57,88,0,9.19
sao joao da barra,BR,-21.64,-41.05,75.2,78,90,4.7
margate,GB,51.38,1.39,66.87,42,20,12.75
dawei,MM,14.08,98.2,79.88,69,99,1.19
hay river,CA,60.82,-115.8,8.6,71,75,2.24
komsomolskiy,UZ,40.43,71.72,64.4,59,100,4.7
along,IN,28.17,94.77,68.02,50,61,3.69
fortuna,US,40.6,-124.16,48.36,93,75,3.36
barra patuca,HN,15.8,-84.28,82.67,73,63,12.48
chiang khong,TH,20.26,100.4,75.83,83,20,5.82
gorele,TR,41.03,39.0,51.8,81,40,2.24
creston,US,41.06,-94.36,46.9,100,90,13.87
jiaojiang,CN,28.68,121.44,52.0,74,0,1.01
eureka,US,40.8,-124.16,48.87,87,40,8.19
bowen,AU,-20.02,148.23,73.78,94,75,4.7
hasaki,JP,35.73,140.83,48.42,93,75,13.87
hailey,US,43.52,-114.32,30.2,50,40,0.69
xixiang,CN,35.16,112.86,55.9,32,0,2.44
ahuimanu,US,21.44,-157.84,69.24,69,90,6.93
kadipaten,ID,-8.14,113.22,78.37,67,72,1.74
jijiga,ET,9.35,42.8,77.88,30,91,1.12
saint-gabriel,CA,46.3,-73.38,43.83,63,1,11.41
fujin,CN,47.26,132.03,49.41,48,38,5.28
kursenai,LT,55.98,22.92,53.6,46,98,10.29
mattru,SL,7.62,-11.83,96.75,41,73,4.61
luena,AO,-11.78,19.92,78.8,74,75,6.93
magistralnyy,RU,56.17,107.45,32.04,80,61,7.25
darhan,MN,49.49,105.92,40.84,50,17,11.16
cascais,PT,38.7,-9.42,68.32,72,20,16.11
gonbad-e qabus,IR,37.25,55.17,53.6,93,90,2.42
tchollire,CM,8.4,14.17,104.77,9,43,2.95
biloela,AU,-24.42,150.5,63.55,59,0,8.48
siderno,IT,38.28,16.3,65.16,68,0,6.93
agarakadzor,AM,39.73,45.35,57.2,41,75,6.93
onguday,RU,50.75,86.15,38.39,50,0,1.05
wick,GB,58.43,-3.08,43.48,69,77,23.04
bud,US,39.45,-86.18,58.08,62,90,8.05
moose factory,CA,51.26,-80.61,28.4,74,40,6.93
san,ML,13.3,-4.9,102.74,17,48,7.16
ponta delgada,PT,37.73,-25.67,62.6,82,75,12.75
tiznit,MA,29.58,-9.5,62.46,48,70,11.92
atambua,ID,-9.11,124.89,74.43,79,99,1.52
lompoc,US,34.64,-120.46,53.02,81,90,3.36
port hardy,CA,50.7,-127.42,37.4,86,40,2.68
artyshta,RU,54.12,86.29,38.41,64,0,3.98
arman,RU,59.7,150.17,17.94,96,100,3.02
inirida,CO,3.87,-67.92,87.96,65,100,2.39
luwuk,ID,-0.95,122.79,80.29,58,3,3.11
luganville,VU,-15.53,167.17,76.35,77,100,1.79
caceres,ES,39.52,-6.37,69.01,56,9,1.99
morro bay,US,35.37,-120.85,51.51,81,90,2.73
nisia floresta,BR,-6.09,-35.21,87.8,62,40,12.75
mayumba,GA,-3.43,10.66,80.49,75,100,4.56
urumqi,CN,43.8,87.6,62.6,29,13,2.24
